Census Tract,County name
51001090100,Accomack
51001090200,Accomack
51001090300,Accomack
51001090400,Accomack
51001090500,Accomack
51001090600,Accomack
51001090700,Accomack
51001090800,Accomack
51003010100,Albemarle
51003010201,Albemarle
51003010202,Albemarle
51003010300,Albemarle
51003010401,Albemarle
51003010402,Albemarle
51003010500,Albemarle
51003010601,Albemarle
51003010602,Albemarle
51003010700,Albemarle
51003010800,Albemarle
51003010901,Albemarle
51003010902,Albemarle
51003011000,Albemarle
51003011100,Albemarle
51003011201,Albemarle
51003011202,Albemarle
51003011301,Albemarle
51003011302,Albemarle
51003011303,Albemarle
51003011400,Albemarle
51005070100,Alleghany
51005080100,Alleghany
51005080201,Alleghany
51005080202,Alleghany
51005080301,Alleghany
51005080302,Alleghany
51007930100,Amelia
51007930200,Amelia
51009010100,Amherst
51009010200,Amherst
51009010300,Amherst
51009010401,Amherst
51009010402,Amherst
51009010502,Amherst
51009010503,Amherst
51009010504,Amherst
51009010600,Amherst
51011040100,Appomattox
51011040200,Appomattox
51011040300,Appomattox
51013100100,Arlington
51013100200,Arlington
51013100300,Arlington
51013100400,Arlington
51013100500,Arlington
51013100600,Arlington
51013100700,Arlington
51013100800,Arlington
51013100900,Arlington
51013101000,Arlington
51013101100,Arlington
51013101200,Arlington
51013101300,Arlington
51013101401,Arlington
51013101402,Arlington
51013101403,Arlington
51013101404,Arlington
51013101500,Arlington
51013101601,Arlington
51013101602,Arlington
51013101603,Arlington
51013101701,Arlington
51013101702,Arlington
51013101703,Arlington
51013101801,Arlington
51013101802,Arlington
51013101803,Arlington
51013101900,Arlington
51013102001,Arlington
51013102002,Arlington
51013102003,Arlington
51013102100,Arlington
51013102200,Arlington
51013102301,Arlington
51013102302,Arlington
51013102400,Arlington
51013102500,Arlington
51013102600,Arlington
51013102701,Arlington
51013102702,Arlington
51013102801,Arlington
51013102802,Arlington
51013102901,Arlington
51013102902,Arlington
51013103000,Arlington
51013103100,Arlington
51013103200,Arlington
51013103300,Arlington
51013103401,Arlington
51013103402,Arlington
51013103501,Arlington
51013103502,Arlington
51013103503,Arlington
51013103601,Arlington
51013103602,Arlington
51013103700,Arlington
51013103800,Arlington
51013980100,Arlington
51015070100,Augusta
51015070200,Augusta
51015070300,Augusta
51015070400,Augusta
51015070500,Augusta
51015070600,Augusta
51015070700,Augusta
51015070800,Augusta
51015070900,Augusta
51015071000,Augusta
51015071101,Augusta
51015071102,Augusta
51015071200,Augusta
51017920100,Bath
51019030101,Bedford
51019030103,Bedford
51019030104,Bedford
51019030201,Bedford
51019030202,Bedford
51019030300,Bedford
51019030401,Bedford
51019030402,Bedford
51019030501,Bedford
51019030503,Bedford
51019030504,Bedford
51019030601,Bedford
51019030602,Bedford
51019030603,Bedford
51019030604,Bedford
51019030605,Bedford
51021040100,Bland
51021040200,Bland
51023040100,Botetourt
51023040200,Botetourt
51023040301,Botetourt
51023040302,Botetourt
51023040401,Botetourt
51023040402,Botetourt
51023040501,Botetourt
51023040502,Botetourt
51025930100,Brunswick
51025930201,Brunswick
51025930203,Brunswick
51025930300,Brunswick
51027010100,Buchanan
51027010200,Buchanan
51027010300,Buchanan
51027010400,Buchanan
51027010500,Buchanan
51027010600,Buchanan
51027010700,Buchanan
51029930101,Buckingham
51029930102,Buckingham
51029930201,Buckingham
51029930202,Buckingham
51031020101,Campbell
51031020102,Campbell
51031020200,Campbell
51031020300,Campbell
51031020401,Campbell
51031020402,Campbell
51031020403,Campbell
51031020500,Campbell
51031020600,Campbell
51031020700,Campbell
51031020800,Campbell
51031020900,Campbell
51033030100,Caroline
51033030201,Caroline
51033030202,Caroline
51033030300,Caroline
51033030400,Caroline
51033030500,Caroline
51033030600,Caroline
51035080100,Carroll
51035080200,Carroll
51035080300,Carroll
51035080400,Carroll
51035080500,Carroll
51035080601,Carroll
51035080602,Carroll
51036600100,Charles City
51036600200,Charles City
51036600300,Charles City
51037930100,Charlotte
51037930200,Charlotte
51037930300,Charlotte
51041100106,Chesterfield
51041100107,Chesterfield
51041100205,Chesterfield
51041100206,Chesterfield
51041100208,Chesterfield
51041100209,Chesterfield
51041100210,Chesterfield
51041100300,Chesterfield
51041100403,Chesterfield
51041100404,Chesterfield
51041100405,Chesterfield
51041100406,Chesterfield
51041100407,Chesterfield
51041100409,Chesterfield
51041100410,Chesterfield
51041100505,Chesterfield
51041100506,Chesterfield
51041100507,Chesterfield
51041100508,Chesterfield
51041100509,Chesterfield
51041100510,Chesterfield
51041100600,Chesterfield
51041100701,Chesterfield
51041100702,Chesterfield
51041100703,Chesterfield
51041100804,Chesterfield
51041100805,Chesterfield
51041100806,Chesterfield
51041100807,Chesterfield
51041100812,Chesterfield
51041100814,Chesterfield
51041100815,Chesterfield
51041100816,Chesterfield
51041100817,Chesterfield
51041100818,Chesterfield
51041100819,Chesterfield
51041100820,Chesterfield
51041100821,Chesterfield
51041100822,Chesterfield
51041100823,Chesterfield
51041100902,Chesterfield
51041100907,Chesterfield
51041100910,Chesterfield
51041100912,Chesterfield
51041100915,Chesterfield
51041100919,Chesterfield
51041100920,Chesterfield
51041100921,Chesterfield
51041100922,Chesterfield
51041100923,Chesterfield
51041100924,Chesterfield
51041100926,Chesterfield
51041100927,Chesterfield
51041100928,Chesterfield
51041100929,Chesterfield
51041100930,Chesterfield
51041100931,Chesterfield
51041100932,Chesterfield
51041100933,Chesterfield
51041100934,Chesterfield
51041100935,Chesterfield
51041100936,Chesterfield
51041101003,Chesterfield
51041101004,Chesterfield
51041101007,Chesterfield
51041101008,Chesterfield
51041101009,Chesterfield
51041101010,Chesterfield
51041101011,Chesterfield
51041101012,Chesterfield
51041101013,Chesterfield
51043010100,Clarke
51043010200,Clarke
51043010300,Clarke
51045050100,Craig
51047930101,Culpeper
51047930102,Culpeper
51047930201,Culpeper
51047930202,Culpeper
51047930300,Culpeper
51047930400,Culpeper
51047930501,Culpeper
51047930502,Culpeper
51049930100,Cumberland
51049930200,Cumberland
51051040100,Dickenson
51051040200,Dickenson
51051040300,Dickenson
51051040400,Dickenson
51053840100,Dinwiddie
51053840200,Dinwiddie
51053840300,Dinwiddie
51053840400,Dinwiddie
51053840500,Dinwiddie
51053840600,Dinwiddie
51057950600,Essex
51057950700,Essex
51057950800,Essex
51059415100,Fairfax
51059415200,Fairfax
51059415300,Fairfax
51059415401,Fairfax
51059415402,Fairfax
51059415500,Fairfax
51059415600,Fairfax
51059415700,Fairfax
51059415800,Fairfax
51059415900,Fairfax
51059416000,Fairfax
51059416100,Fairfax
51059416200,Fairfax
51059416300,Fairfax
51059420100,Fairfax
51059420201,Fairfax
51059420202,Fairfax
51059420203,Fairfax
51059420300,Fairfax
51059420400,Fairfax
51059420501,Fairfax
51059420502,Fairfax
51059420503,Fairfax
51059420600,Fairfax
51059420700,Fairfax
51059420800,Fairfax
51059421001,Fairfax
51059421002,Fairfax
51059421101,Fairfax
51059421102,Fairfax
51059421103,Fairfax
51059421200,Fairfax
51059421300,Fairfax
51059421400,Fairfax
51059421500,Fairfax
51059421600,Fairfax
51059421701,Fairfax
51059421702,Fairfax
51059421800,Fairfax
51059421900,Fairfax
51059422000,Fairfax
51059422101,Fairfax
51059422102,Fairfax
51059422201,Fairfax
51059422202,Fairfax
51059422301,Fairfax
51059422302,Fairfax
51059422401,Fairfax
51059422402,Fairfax
51059422403,Fairfax
51059430101,Fairfax
51059430102,Fairfax
51059430201,Fairfax
51059430202,Fairfax
51059430203,Fairfax
51059430400,Fairfax
51059430500,Fairfax
51059430600,Fairfax
51059430700,Fairfax
51059430801,Fairfax
51059430802,Fairfax
51059430901,Fairfax
51059430902,Fairfax
51059431001,Fairfax
51059431002,Fairfax
51059431300,Fairfax
51059431400,Fairfax
51059431500,Fairfax
51059431600,Fairfax
51059431801,Fairfax
51059431802,Fairfax
51059431900,Fairfax
51059432000,Fairfax
51059432100,Fairfax
51059432201,Fairfax
51059432202,Fairfax
51059432300,Fairfax
51059432401,Fairfax
51059432402,Fairfax
51059432500,Fairfax
51059432600,Fairfax
51059432701,Fairfax
51059432702,Fairfax
51059432800,Fairfax
51059440100,Fairfax
51059440201,Fairfax
51059440202,Fairfax
51059440300,Fairfax
51059440501,Fairfax
51059440502,Fairfax
51059440600,Fairfax
51059440701,Fairfax
51059440702,Fairfax
51059440800,Fairfax
51059450100,Fairfax
51059450200,Fairfax
51059450300,Fairfax
51059450400,Fairfax
51059450500,Fairfax
51059450601,Fairfax
51059450602,Fairfax
51059450701,Fairfax
51059450702,Fairfax
51059450800,Fairfax
51059450900,Fairfax
51059451000,Fairfax
51059451100,Fairfax
51059451200,Fairfax
51059451300,Fairfax
51059451400,Fairfax
51059451501,Fairfax
51059451502,Fairfax
51059451601,Fairfax
51059451602,Fairfax
51059451800,Fairfax
51059451900,Fairfax
51059452000,Fairfax
51059452101,Fairfax
51059452102,Fairfax
51059452200,Fairfax
51059452301,Fairfax
51059452302,Fairfax
51059452400,Fairfax
51059452501,Fairfax
51059452502,Fairfax
51059452600,Fairfax
51059452700,Fairfax
51059452801,Fairfax
51059452802,Fairfax
51059460100,Fairfax
51059460200,Fairfax
51059460300,Fairfax
51059460400,Fairfax
51059460501,Fairfax
51059460502,Fairfax
51059460600,Fairfax
51059460701,Fairfax
51059460702,Fairfax
51059460800,Fairfax
51059460900,Fairfax
51059461000,Fairfax
51059461100,Fairfax
51059461201,Fairfax
51059461202,Fairfax
51059461500,Fairfax
51059461601,Fairfax
51059461602,Fairfax
51059461700,Fairfax
51059461801,Fairfax
51059461802,Fairfax
51059461901,Fairfax
51059461902,Fairfax
51059470100,Fairfax
51059470300,Fairfax
51059470400,Fairfax
51059470500,Fairfax
51059470600,Fairfax
51059470700,Fairfax
51059470800,Fairfax
51059470900,Fairfax
51059471000,Fairfax
51059471100,Fairfax
51059471201,Fairfax
51059471202,Fairfax
51059471301,Fairfax
51059471303,Fairfax
51059471304,Fairfax
51059471401,Fairfax
51059471402,Fairfax
51059480100,Fairfax
51059480201,Fairfax
51059480202,Fairfax
51059480203,Fairfax
51059480300,Fairfax
51059480401,Fairfax
51059480402,Fairfax
51059480501,Fairfax
51059480502,Fairfax
51059480503,Fairfax
51059480504,Fairfax
51059480505,Fairfax
51059480801,Fairfax
51059480802,Fairfax
51059480901,Fairfax
51059480902,Fairfax
51059480903,Fairfax
51059481000,Fairfax
51059481101,Fairfax
51059481102,Fairfax
51059481103,Fairfax
51059481104,Fairfax
51059481105,Fairfax
51059481106,Fairfax
51059481201,Fairfax
51059481202,Fairfax
51059481400,Fairfax
51059481500,Fairfax
51059481600,Fairfax
51059481701,Fairfax
51059481702,Fairfax
51059481900,Fairfax
51059482001,Fairfax
51059482002,Fairfax
51059482100,Fairfax
51059482201,Fairfax
51059482202,Fairfax
51059482203,Fairfax
51059482301,Fairfax
51059482302,Fairfax
51059482303,Fairfax
51059482400,Fairfax
51059482501,Fairfax
51059482502,Fairfax
51059482503,Fairfax
51059482504,Fairfax
51059482601,Fairfax
51059482602,Fairfax
51059490101,Fairfax
51059490103,Fairfax
51059490501,Fairfax
51059490502,Fairfax
51059491000,Fairfax
51059491101,Fairfax
51059491102,Fairfax
51059491103,Fairfax
51059491201,Fairfax
51059491202,Fairfax
51059491301,Fairfax
51059491302,Fairfax
51059491303,Fairfax
51059491401,Fairfax
51059491402,Fairfax
51059491403,Fairfax
51059491404,Fairfax
51059491405,Fairfax
51059491501,Fairfax
51059491502,Fairfax
51059491601,Fairfax
51059491602,Fairfax
51059491701,Fairfax
51059491702,Fairfax
51059491703,Fairfax
51059491704,Fairfax
51059491705,Fairfax
51059491801,Fairfax
51059491802,Fairfax
51059491803,Fairfax
51059492000,Fairfax
51059492100,Fairfax
51059492201,Fairfax
51059492202,Fairfax
51059492203,Fairfax
51059492300,Fairfax
51059492400,Fairfax
51059492500,Fairfax
51061930100,Fauquier
51061930203,Fauquier
51061930204,Fauquier
51061930205,Fauquier
51061930206,Fauquier
51061930207,Fauquier
51061930302,Fauquier
51061930303,Fauquier
51061930304,Fauquier
51061930401,Fauquier
51061930402,Fauquier
51061930403,Fauquier
51061930703,Fauquier
51061930704,Fauquier
51061930705,Fauquier
51061930706,Fauquier
51061930707,Fauquier
51063920101,Floyd
51063920102,Floyd
51063920200,Floyd
51065020101,Fluvanna
51065020102,Fluvanna
51065020200,Fluvanna
51065020300,Fluvanna
51067020101,Franklin
51067020102,Franklin
51067020200,Franklin
51067020300,Franklin
51067020400,Franklin
51067020500,Franklin
51067020600,Franklin
51067020700,Franklin
51067020800,Franklin
51067020900,Franklin
51069050100,Frederick
51069050200,Frederick
51069050300,Frederick
51069050400,Frederick
51069050500,Frederick
51069050600,Frederick
51069050700,Frederick
51069050801,Frederick
51069050802,Frederick
51069050803,Frederick
51069050900,Frederick
51069051000,Frederick
51069051101,Frederick
51069051102,Frederick
51071930100,Giles
51071930200,Giles
51071930300,Giles
51071930400,Giles
51073100100,Gloucester
51073100201,Gloucester
51073100202,Gloucester
51073100203,Gloucester
51073100301,Gloucester
51073100302,Gloucester
51073100400,Gloucester
51073100500,Gloucester
51075400100,Goochland
51075400200,Goochland
51075400300,Goochland
51075400400,Goochland
51075400500,Goochland
51077060101,Grayson
51077060102,Grayson
51077060201,Grayson
51077060202,Grayson
51077060300,Grayson
51079030101,Greene
51079030102,Greene
51079030200,Greene
51081880101,Greensville
51081880200,Greensville
51083930100,Halifax
51083930201,Halifax
51083930202,Halifax
51083930301,Halifax
51083930302,Halifax
51083930400,Halifax
51083930500,Halifax
51083930600,Halifax
51083930800,Halifax
51085320100,Hanover
51085320200,Hanover
51085320300,Hanover
51085320400,Hanover
51085320500,Hanover
51085320601,Hanover
51085320602,Hanover
51085320701,Hanover
51085320702,Hanover
51085320801,Hanover
51085320803,Hanover
51085320804,Hanover
51085320805,Hanover
51085320900,Hanover
51085321001,Hanover
51085321002,Hanover
51085321100,Hanover
51085321201,Hanover
51085321202,Hanover
51085321300,Hanover
51085321401,Hanover
51085321402,Hanover
51085321403,Hanover
51087200104,Henrico
51087200105,Henrico
51087200106,Henrico
51087200107,Henrico
51087200108,Henrico
51087200109,Henrico
51087200112,Henrico
51087200116,Henrico
51087200119,Henrico
51087200120,Henrico
51087200121,Henrico
51087200122,Henrico
51087200123,Henrico
51087200124,Henrico
51087200125,Henrico
51087200126,Henrico
51087200127,Henrico
51087200128,Henrico
51087200129,Henrico
51087200130,Henrico
51087200201,Henrico
51087200202,Henrico
51087200301,Henrico
51087200302,Henrico
51087200303,Henrico
51087200305,Henrico
51087200404,Henrico
51087200406,Henrico
51087200407,Henrico
51087200409,Henrico
51087200410,Henrico
51087200411,Henrico
51087200412,Henrico
51087200413,Henrico
51087200414,Henrico
51087200501,Henrico
51087200502,Henrico
51087200503,Henrico
51087200600,Henrico
51087200700,Henrico
51087200801,Henrico
51087200802,Henrico
51087200804,Henrico
51087200805,Henrico
51087200903,Henrico
51087200904,Henrico
51087200905,Henrico
51087200906,Henrico
51087201001,Henrico
51087201002,Henrico
51087201003,Henrico
51087201101,Henrico
51087201102,Henrico
51087201201,Henrico
51087201202,Henrico
51087201401,Henrico
51087201403,Henrico
51087201404,Henrico
51087201501,Henrico
51087201502,Henrico
51087201601,Henrico
51087201602,Henrico
51087201701,Henrico
51089010100,Henry
51089010200,Henry
51089010300,Henry
51089010400,Henry
51089010500,Henry
51089010601,Henry
51089010602,Henry
51089010700,Henry
51089010800,Henry
51089010900,Henry
51089011000,Henry
51089011100,Henry
51089011200,Henry
51089011300,Henry
51091970100,Highland
51093280101,Isle of Wight
51093280103,Isle of Wight
51093280104,Isle of Wight
51093280105,Isle of Wight
51093280106,Isle of Wight
51093280200,Isle of Wight
51093280300,Isle of Wight
51093280400,Isle of Wight
51095080101,James City
51095080102,James City
51095080202,James City
51095080203,James City
51095080205,James City
51095080206,James City
51095080301,James City
51095080303,James City
51095080304,James City
51095080401,James City
51095080402,James City
51097950400,King and Queen
51097950500,King and Queen
51099040100,King George
51099040200,King George
51099040300,King George
51099040400,King George
51099040500,King George
51101950101,King William
51101950102,King William
51101950200,King William
51101950300,King William
51103030100,Lancaster
51103030200,Lancaster
51103030300,Lancaster
51105950100,Lee
51105950200,Lee
51105950300,Lee
51105950400,Lee
51105950500,Lee
51105950600,Lee
51107610101,Loudoun
51107610102,Loudoun
51107610201,Loudoun
51107610202,Loudoun
51107610300,Loudoun
51107610400,Loudoun
51107610503,Loudoun
51107610504,Loudoun
51107610505,Loudoun
51107610506,Loudoun
51107610507,Loudoun
51107610601,Loudoun
51107610602,Loudoun
51107610603,Loudoun
51107610604,Loudoun
51107610701,Loudoun
51107610702,Loudoun
51107610703,Loudoun
51107610800,Loudoun
51107610900,Loudoun
51107611002,Loudoun
51107611004,Loudoun
51107611005,Loudoun
51107611006,Loudoun
51107611009,Loudoun
51107611010,Loudoun
51107611011,Loudoun
51107611012,Loudoun
51107611013,Loudoun
51107611014,Loudoun
51107611015,Loudoun
51107611016,Loudoun
51107611017,Loudoun
51107611018,Loudoun
51107611019,Loudoun
51107611020,Loudoun
51107611021,Loudoun
51107611022,Loudoun
51107611023,Loudoun
51107611024,Loudoun
51107611025,Loudoun
51107611101,Loudoun
51107611102,Loudoun
51107611202,Loudoun
51107611204,Loudoun
51107611205,Loudoun
51107611206,Loudoun
51107611207,Loudoun
51107611208,Loudoun
51107611209,Loudoun
51107611300,Loudoun
51107611400,Loudoun
51107611501,Loudoun
51107611502,Loudoun
51107611601,Loudoun
51107611602,Loudoun
51107611700,Loudoun
51107611801,Loudoun
51107611802,Loudoun
51107611803,Loudoun
51107611804,Loudoun
51107611805,Loudoun
51107611806,Loudoun
51107611900,Loudoun
51107980100,Loudoun
51109950100,Louisa
51109950201,Louisa
51109950202,Louisa
51109950300,Louisa
51109950400,Louisa
51109950500,Louisa
51111930100,Lunenburg
51111930200,Lunenburg
51111930300,Lunenburg
51113930100,Madison
51113930200,Madison
51115951300,Mathews
51115951400,Mathews
51117930101,Mecklenburg
51117930102,Mecklenburg
51117930200,Mecklenburg
51117930300,Mecklenburg
51117930400,Mecklenburg
51117930500,Mecklenburg
51117930600,Mecklenburg
51117930700,Mecklenburg
51117930800,Mecklenburg
51119950900,Middlesex
51119951000,Middlesex
51119951100,Middlesex
51119951200,Middlesex
51121020100,Montgomery
51121020201,Montgomery
51121020202,Montgomery
51121020300,Montgomery
51121020400,Montgomery
51121020500,Montgomery
51121020600,Montgomery
51121020700,Montgomery
51121020800,Montgomery
51121020900,Montgomery
51121021000,Montgomery
51121021100,Montgomery
51121021200,Montgomery
51121021300,Montgomery
51121021400,Montgomery
51121021500,Montgomery
51125950100,Nelson
51125950200,Nelson
51125950300,Nelson
51127700100,New Kent
51127700200,New Kent
51127700300,New Kent
51131930100,Northampton
51131930200,Northampton
51131930300,Northampton
51133020100,Northumberland
51133020200,Northumberland
51133020300,Northumberland
51135000100,Nottoway
51135000200,Nottoway
51135000300,Nottoway
51135980100,Nottoway
51137110102,Orange
51137110103,Orange
51137110104,Orange
51137110200,Orange
51137110300,Orange
51139030100,Page
51139030200,Page
51139030300,Page
51139030400,Page
51139030500,Page
51141030100,Patrick
51141030200,Patrick
51141030301,Patrick
51141030302,Patrick
51143010100,Pittsylvania
51143010200,Pittsylvania
51143010300,Pittsylvania
51143010400,Pittsylvania
51143010500,Pittsylvania
51143010600,Pittsylvania
51143010700,Pittsylvania
51143010801,Pittsylvania
51143010802,Pittsylvania
51143010900,Pittsylvania
51143011001,Pittsylvania
51143011002,Pittsylvania
51143011100,Pittsylvania
51143011200,Pittsylvania
51143011300,Pittsylvania
51143011400,Pittsylvania
51145500101,Powhatan
51145500102,Powhatan
51145500200,Powhatan
51145500300,Powhatan
51145500400,Powhatan
51147930100,Prince Edward
51147930201,Prince Edward
51147930202,Prince Edward
51147930203,Prince Edward
51147930300,Prince Edward
51149850100,Prince George
51149850200,Prince George
51149850301,Prince George
51149850302,Prince George
51149850400,Prince George
51149850501,Prince George
51149850502,Prince George
51153900100,Prince William
51153900201,Prince William
51153900202,Prince William
51153900203,Prince William
51153900300,Prince William
51153900403,Prince William
51153900404,Prince William
51153900407,Prince William
51153900408,Prince William
51153900409,Prince William
51153900410,Prince William
51153900501,Prince William
51153900502,Prince William
51153900600,Prince William
51153900701,Prince William
51153900702,Prince William
51153900801,Prince William
51153900802,Prince William
51153900901,Prince William
51153900904,Prince William
51153900905,Prince William
51153901001,Prince William
51153901005,Prince William
51153901008,Prince William
51153901009,Prince William
51153901010,Prince William
51153901011,Prince William
51153901012,Prince William
51153901100,Prince William
51153901203,Prince William
51153901208,Prince William
51153901209,Prince William
51153901211,Prince William
51153901212,Prince William
51153901219,Prince William
51153901221,Prince William
51153901222,Prince William
51153901223,Prince William
51153901224,Prince William
51153901225,Prince William
51153901226,Prince William
51153901227,Prince William
51153901228,Prince William
51153901229,Prince William
51153901230,Prince William
51153901231,Prince William
51153901232,Prince William
51153901233,Prince William
51153901234,Prince William
51153901235,Prince William
51153901236,Prince William
51153901237,Prince William
51153901303,Prince William
51153901304,Prince William
51153901305,Prince William
51153901306,Prince William
51153901403,Prince William
51153901407,Prince William
51153901408,Prince William
51153901409,Prince William
51153901410,Prince William
51153901411,Prince William
51153901412,Prince William
51153901413,Prince William
51153901414,Prince William
51153901415,Prince William
51153901416,Prince William
51153901417,Prince William
51153901503,Prince William
51153901504,Prince William
51153901505,Prince William
51153901506,Prince William
51153901507,Prince William
51153901508,Prince William
51153901509,Prince William
51153901510,Prince William
51153901511,Prince William
51153901601,Prince William
51153901602,Prince William
51153901701,Prince William
51153901702,Prince William
51153901900,Prince William
51155210100,Pulaski
51155210201,Pulaski
51155210202,Pulaski
51155210300,Pulaski
51155210400,Pulaski
51155210500,Pulaski
51155210600,Pulaski
51155210700,Pulaski
51157950100,Rappahannock
51157950200,Rappahannock
51159040100,Richmond
51159040200,Richmond
51161030100,Roanoke
51161030201,Roanoke
51161030203,Roanoke
51161030204,Roanoke
51161030205,Roanoke
51161030300,Roanoke
51161030500,Roanoke
51161030600,Roanoke
51161030701,Roanoke
51161030702,Roanoke
51161030801,Roanoke
51161030802,Roanoke
51161030900,Roanoke
51161031000,Roanoke
51161031101,Roanoke
51161031102,Roanoke
51161031201,Roanoke
51161031202,Roanoke
51163930100,Rockbridge
51163930200,Rockbridge
51163930300,Rockbridge
51163930400,Rockbridge
51165010100,Rockingham
51165010200,Rockingham
51165010300,Rockingham
51165010400,Rockingham
51165010500,Rockingham
51165010600,Rockingham
51165010700,Rockingham
51165010800,Rockingham
51165010900,Rockingham
51165011000,Rockingham
51165011100,Rockingham
51165011200,Rockingham
51165011400,Rockingham
51165011500,Rockingham
51165011600,Rockingham
51165011700,Rockingham
51165011800,Rockingham
51165011900,Rockingham
51165012000,Rockingham
51167030100,Russell
51167030200,Russell
51167030300,Russell
51167030401,Russell
51167030402,Russell
51167030500,Russell
51167030600,Russell
51169030100,Scott
51169030200,Scott
51169030300,Scott
51169030400,Scott
51169030500,Scott
51169030600,Scott
51171040100,Shenandoah
51171040201,Shenandoah
51171040202,Shenandoah
51171040300,Shenandoah
51171040400,Shenandoah
51171040500,Shenandoah
51171040600,Shenandoah
51171040700,Shenandoah
51171040800,Shenandoah
51173030100,Smyth
51173030200,Smyth
51173030301,Smyth
51173030302,Smyth
51173030400,Smyth
51173030500,Smyth
51173030600,Smyth
51173030701,Smyth
51173030702,Smyth
51175200100,Southampton
51175200200,Southampton
51175200400,Southampton
51175200500,Southampton
51177020104,Spotsylvania
51177020105,Spotsylvania
51177020106,Spotsylvania
51177020107,Spotsylvania
51177020108,Spotsylvania
51177020109,Spotsylvania
51177020110,Spotsylvania
51177020111,Spotsylvania
51177020112,Spotsylvania
51177020113,Spotsylvania
51177020114,Spotsylvania
51177020201,Spotsylvania
51177020202,Spotsylvania
51177020203,Spotsylvania
51177020204,Spotsylvania
51177020205,Spotsylvania
51177020304,Spotsylvania
51177020305,Spotsylvania
51177020306,Spotsylvania
51177020307,Spotsylvania
51177020308,Spotsylvania
51177020309,Spotsylvania
51177020310,Spotsylvania
51177020311,Spotsylvania
51177020403,Spotsylvania
51177020404,Spotsylvania
51177020405,Spotsylvania
51177020406,Spotsylvania
51177020407,Spotsylvania
51177020408,Spotsylvania
51179010103,Stafford
51179010105,Stafford
51179010106,Stafford
51179010107,Stafford
51179010108,Stafford
51179010201,Stafford
51179010202,Stafford
51179010204,Stafford
51179010205,Stafford
51179010206,Stafford
51179010207,Stafford
51179010210,Stafford
51179010211,Stafford
51179010212,Stafford
51179010213,Stafford
51179010214,Stafford
51179010301,Stafford
51179010303,Stafford
51179010304,Stafford
51179010305,Stafford
51179010403,Stafford
51179010404,Stafford
51179010405,Stafford
51179010406,Stafford
51179010502,Stafford
51179010503,Stafford
51179010504,Stafford
51181860100,Surry
51181860200,Surry
51183870100,Sussex
51183870201,Sussex
51183870300,Sussex
51183870400,Sussex
51185020100,Tazewell
51185020200,Tazewell
51185020300,Tazewell
51185020400,Tazewell
51185020500,Tazewell
51185020600,Tazewell
51185020700,Tazewell
51185020800,Tazewell
51185020900,Tazewell
51185021000,Tazewell
51185021100,Tazewell
51187020100,Warren
51187020200,Warren
51187020300,Warren
51187020400,Warren
51187020500,Warren
51187020601,Warren
51187020602,Warren
51187020700,Warren
51191010100,Washington
51191010200,Washington
51191010300,Washington
51191010401,Washington
51191010402,Washington
51191010501,Washington
51191010502,Washington
51191010601,Washington
51191010602,Washington
51191010700,Washington
51191010800,Washington
51191010900,Washington
51191011000,Washington
51193010100,Westmoreland
51193010200,Westmoreland
51193010300,Westmoreland
51193010400,Westmoreland
51195930700,Wise
51195930800,Wise
51195930900,Wise
51195931000,Wise
51195931100,Wise
51195931200,Wise
51195931300,Wise
51195931400,Wise
51195931500,Wise
51195931600,Wise
51195931700,Wise
51197050100,Wythe
51197050200,Wythe
51197050301,Wythe
51197050302,Wythe
51197050401,Wythe
51197050402,Wythe
51199050203,York
51199050204,York
51199050205,York
51199050206,York
51199050303,York
51199050304,York
51199050305,York
51199050306,York
51199050401,York
51199050402,York
51199050500,York
51199050900,York
51199051000,York
51199051100,York
51510200102,Alexandria
51510200103,Alexandria
51510200104,Alexandria
51510200105,Alexandria
51510200106,Alexandria
51510200107,Alexandria
51510200201,Alexandria
51510200202,Alexandria
51510200301,Alexandria
51510200302,Alexandria
51510200303,Alexandria
51510200403,Alexandria
51510200404,Alexandria
51510200405,Alexandria
51510200406,Alexandria
51510200407,Alexandria
51510200500,Alexandria
51510200600,Alexandria
51510200701,Alexandria
51510200702,Alexandria
51510200703,Alexandria
51510200801,Alexandria
51510200802,Alexandria
51510200900,Alexandria
51510201000,Alexandria
51510201100,Alexandria
51510201202,Alexandria
51510201203,Alexandria
51510201204,Alexandria
51510201300,Alexandria
51510201400,Alexandria
51510201500,Alexandria
51510201600,Alexandria
51510201801,Alexandria
51510201802,Alexandria
51510201900,Alexandria
51510202001,Alexandria
51510202002,Alexandria
51520020100,Bristol
51520020200,Bristol
51520020300,Bristol
51520020400,Bristol
51530930600,Buena Vista
51540000201,Charlottesville
51540000202,Charlottesville
51540000302,Charlottesville
51540000401,Charlottesville
51540000402,Charlottesville
51540000501,Charlottesville
51540000502,Charlottesville
51540000600,Charlottesville
51540000700,Charlottesville
51540000800,Charlottesville
51540000900,Charlottesville
51540001000,Charlottesville
51550020001,Chesapeake
51550020002,Chesapeake
51550020003,Chesapeake
51550020100,Chesapeake
51550020200,Chesapeake
51550020300,Chesapeake
51550020400,Chesapeake
51550020500,Chesapeake
51550020600,Chesapeake
51550020700,Chesapeake
51550020804,Chesapeake
51550020805,Chesapeake
51550020806,Chesapeake
51550020807,Chesapeake
51550020808,Chesapeake
51550020809,Chesapeake
51550020903,Chesapeake
51550020904,Chesapeake
51550020905,Chesapeake
51550020906,Chesapeake
51550021004,Chesapeake
51550021005,Chesapeake
51550021006,Chesapeake
51550021009,Chesapeake
51550021010,Chesapeake
51550021011,Chesapeake
51550021012,Chesapeake
51550021013,Chesapeake
51550021101,Chesapeake
51550021102,Chesapeake
51550021200,Chesapeake
51550021301,Chesapeake
51550021302,Chesapeake
51550021401,Chesapeake
51550021402,Chesapeake
51550021403,Chesapeake
51550021404,Chesapeake
51550021501,Chesapeake
51550021502,Chesapeake
51550021601,Chesapeake
51550021602,Chesapeake
51570830100,Colonial Heights
51570830200,Colonial Heights
51570830300,Colonial Heights
51570830400,Colonial Heights
51570830500,Colonial Heights
51580060100,Covington
51580060200,Covington
51590000100,Danville
51590000200,Danville
51590000300,Danville
51590000400,Danville
51590000500,Danville
51590000600,Danville
51590000700,Danville
51590000800,Danville
51590000900,Danville
51590001000,Danville
51590001100,Danville
51590001200,Danville
51590001301,Danville
51590001302,Danville
51590001400,Danville
51590980100,Danville
51595890100,Emporia
51595890200,Emporia
51600300100,Fairfax
51600300200,Fairfax
51600300300,Fairfax
51600300400,Fairfax
51600300500,Fairfax
51610500100,Falls Church
51610500200,Falls Church
51610500300,Falls Church
51620090100,Franklin
51620090200,Franklin
51630000100,Fredericksburg
51630000200,Fredericksburg
51630000301,Fredericksburg
51630000302,Fredericksburg
51630000400,Fredericksburg
51630000500,Fredericksburg
51640070101,Galax
51640070102,Galax
51650010103,Hampton
51650010104,Hampton
51650010200,Hampton
51650010304,Hampton
51650010306,Hampton
51650010307,Hampton
51650010309,Hampton
51650010310,Hampton
51650010311,Hampton
51650010312,Hampton
51650010313,Hampton
51650010314,Hampton
51650010400,Hampton
51650010501,Hampton
51650010502,Hampton
51650010601,Hampton
51650010602,Hampton
51650010701,Hampton
51650010702,Hampton
51650010703,Hampton
51650010800,Hampton
51650010900,Hampton
51650011000,Hampton
51650011100,Hampton
51650011200,Hampton
51650011300,Hampton
51650011400,Hampton
51650011500,Hampton
51650011600,Hampton
51650011800,Hampton
51650011900,Hampton
51650012000,Hampton
51650012100,Hampton
51660000101,Harrisonburg
51660000102,Harrisonburg
51660000203,Harrisonburg
51660000204,Harrisonburg
51660000205,Harrisonburg
51660000206,Harrisonburg
51660000207,Harrisonburg
51660000301,Harrisonburg
51660000302,Harrisonburg
51660000401,Harrisonburg
51660000402,Harrisonburg
51670820100,Hopewell
51670820300,Hopewell
51670820400,Hopewell
51670820500,Hopewell
51670820600,Hopewell
51670820700,Hopewell
51678930500,Lexington
51680000100,Lynchburg
51680000201,Lynchburg
51680000202,Lynchburg
51680000203,Lynchburg
51680000300,Lynchburg
51680000400,Lynchburg
51680000500,Lynchburg
51680000600,Lynchburg
51680000700,Lynchburg
51680000801,Lynchburg
51680000802,Lynchburg
51680000900,Lynchburg
51680001000,Lynchburg
51680001100,Lynchburg
51680001400,Lynchburg
51680001600,Lynchburg
51680001700,Lynchburg
51680001800,Lynchburg
51680001900,Lynchburg
51683910100,Manassas
51683910201,Manassas
51683910202,Manassas
51683910301,Manassas
51683910302,Manassas
51683910401,Manassas
51683910402,Manassas
51685920100,Manassas Park
51685920200,Manassas Park
51690000100,Martinsville
51690000200,Martinsville
51690000300,Martinsville
51690000400,Martinsville
51690000500,Martinsville
51700030100,Newport News
51700030300,Newport News
51700030400,Newport News
51700030500,Newport News
51700030600,Newport News
51700030800,Newport News
51700030900,Newport News
51700031100,Newport News
51700031200,Newport News
51700031300,Newport News
51700031400,Newport News
51700031500,Newport News
51700031601,Newport News
51700031602,Newport News
51700031701,Newport News
51700031702,Newport News
51700031800,Newport News
51700031901,Newport News
51700031902,Newport News
51700032001,Newport News
51700032002,Newport News
51700032005,Newport News
51700032006,Newport News
51700032007,Newport News
51700032113,Newport News
51700032114,Newport News
51700032117,Newport News
51700032123,Newport News
51700032124,Newport News
51700032126,Newport News
51700032127,Newport News
51700032128,Newport News
51700032129,Newport News
51700032130,Newport News
51700032131,Newport News
51700032132,Newport News
51700032211,Newport News
51700032212,Newport News
51700032223,Newport News
51700032224,Newport News
51700032225,Newport News
51700032226,Newport News
51700032300,Newport News
51700032400,Newport News
51710000100,Norfolk
51710000201,Norfolk
51710000202,Norfolk
51710000300,Norfolk
51710000400,Norfolk
51710000500,Norfolk
51710000600,Norfolk
51710000700,Norfolk
51710000800,Norfolk
51710000901,Norfolk
51710000902,Norfolk
51710001100,Norfolk
51710001200,Norfolk
51710001300,Norfolk
51710001400,Norfolk
51710001500,Norfolk
51710001600,Norfolk
51710001700,Norfolk
51710002000,Norfolk
51710002100,Norfolk
51710002200,Norfolk
51710002300,Norfolk
51710002400,Norfolk
51710002500,Norfolk
51710002600,Norfolk
51710002700,Norfolk
51710002800,Norfolk
51710002900,Norfolk
51710003000,Norfolk
51710003100,Norfolk
51710003200,Norfolk
51710003300,Norfolk
51710003400,Norfolk
51710003501,Norfolk
51710003600,Norfolk
51710003700,Norfolk
51710003800,Norfolk
51710004001,Norfolk
51710004002,Norfolk
51710004100,Norfolk
51710004200,Norfolk
51710004300,Norfolk
51710004400,Norfolk
51710004500,Norfolk
51710004600,Norfolk
51710004700,Norfolk
51710004800,Norfolk
51710004900,Norfolk
51710005000,Norfolk
51710005100,Norfolk
51710005500,Norfolk
51710005601,Norfolk
51710005602,Norfolk
51710005701,Norfolk
51710005702,Norfolk
51710005800,Norfolk
51710005901,Norfolk
51710005902,Norfolk
51710005903,Norfolk
51710006000,Norfolk
51710006100,Norfolk
51710006200,Norfolk
51710006400,Norfolk
51710006501,Norfolk
51710006502,Norfolk
51710006601,Norfolk
51710006602,Norfolk
51710006603,Norfolk
51710006604,Norfolk
51710006605,Norfolk
51710006606,Norfolk
51710006607,Norfolk
51710006800,Norfolk
51710006901,Norfolk
51710006902,Norfolk
51710007001,Norfolk
51710007002,Norfolk
51720960100,Norton
51730810100,Petersburg
51730810300,Petersburg
51730810400,Petersburg
51730810500,Petersburg
51730810600,Petersburg
51730810700,Petersburg
51730810900,Petersburg
51730811000,Petersburg
51730811100,Petersburg
51730811200,Petersburg
51730811300,Petersburg
51735340100,Poquoson
51735340200,Poquoson
51735340300,Poquoson
51740210200,Portsmouth
51740210300,Portsmouth
51740210400,Portsmouth
51740210500,Portsmouth
51740210600,Portsmouth
51740210900,Portsmouth
51740211100,Portsmouth
51740211400,Portsmouth
51740211500,Portsmouth
51740211600,Portsmouth
51740211700,Portsmouth
51740211800,Portsmouth
51740211900,Portsmouth
51740212000,Portsmouth
51740212100,Portsmouth
51740212300,Portsmouth
51740212400,Portsmouth
51740212500,Portsmouth
51740212600,Portsmouth
51740212701,Portsmouth
51740212702,Portsmouth
51740212801,Portsmouth
51740212802,Portsmouth
51740212900,Portsmouth
51740213001,Portsmouth
51740213002,Portsmouth
51740213101,Portsmouth
51740213103,Portsmouth
51740213104,Portsmouth
51740213200,Portsmouth
51740980100,Portsmouth
51750010101,Radford
51750010102,Radford
51750010200,Radford
51760010200,Richmond
51760010300,Richmond
51760010401,Richmond
51760010402,Richmond
51760010500,Richmond
51760010600,Richmond
51760010700,Richmond
51760010800,Richmond
51760010900,Richmond
51760011000,Richmond
51760011100,Richmond
51760020100,Richmond
51760020200,Richmond
51760020300,Richmond
51760020400,Richmond
51760020500,Richmond
51760020600,Richmond
51760020700,Richmond
51760020800,Richmond
51760020900,Richmond
51760021000,Richmond
51760021100,Richmond
51760021200,Richmond
51760030100,Richmond
51760030200,Richmond
51760030500,Richmond
51760040200,Richmond
51760040300,Richmond
51760040400,Richmond
51760040500,Richmond
51760040600,Richmond
51760040700,Richmond
51760040800,Richmond
51760040900,Richmond
51760041000,Richmond
51760041100,Richmond
51760041200,Richmond
51760041300,Richmond
51760041400,Richmond
51760041600,Richmond
51760050100,Richmond
51760050200,Richmond
51760050300,Richmond
51760050400,Richmond
51760050500,Richmond
51760050600,Richmond
51760060200,Richmond
51760060400,Richmond
51760060500,Richmond
51760060600,Richmond
51760060700,Richmond
51760060800,Richmond
51760060900,Richmond
51760061000,Richmond
51760070100,Richmond
51760070300,Richmond
51760070400,Richmond
51760070601,Richmond
51760070602,Richmond
51760070700,Richmond
51760070801,Richmond
51760070802,Richmond
51760070900,Richmond
51760071001,Richmond
51760071002,Richmond
51760071100,Richmond
51770000100,Roanoke
51770000300,Roanoke
51770000400,Roanoke
51770000500,Roanoke
51770000601,Roanoke
51770000602,Roanoke
51770000900,Roanoke
51770001000,Roanoke
51770001100,Roanoke
51770001200,Roanoke
51770001800,Roanoke
51770001900,Roanoke
51770002100,Roanoke
51770002200,Roanoke
51770002300,Roanoke
51770002400,Roanoke
51770002500,Roanoke
51770002600,Roanoke
51770002700,Roanoke
51770002800,Roanoke
51770002900,Roanoke
51770003000,Roanoke
51770003100,Roanoke
51775010100,Salem
51775010200,Salem
51775010300,Salem
51775010501,Salem
51775010502,Salem
51790000100,Staunton
51790000200,Staunton
51790000300,Staunton
51790000400,Staunton
51790000500,Staunton
51790000600,Staunton
51800065100,Suffolk
51800065200,Suffolk
51800065300,Suffolk
51800065400,Suffolk
51800065500,Suffolk
51800075101,Suffolk
51800075102,Suffolk
51800075201,Suffolk
51800075202,Suffolk
51800075203,Suffolk
51800075204,Suffolk
51800075301,Suffolk
51800075302,Suffolk
51800075401,Suffolk
51800075402,Suffolk
51800075403,Suffolk
51800075404,Suffolk
51800075405,Suffolk
51800075501,Suffolk
51800075502,Suffolk
51800075601,Suffolk
51800075602,Suffolk
51800075701,Suffolk
51800075702,Suffolk
51800075703,Suffolk
51800075801,Suffolk
51800075802,Suffolk
51800075803,Suffolk
51810040000,Virginia Beach
51810040200,Virginia Beach
51810040402,Virginia Beach
51810040403,Virginia Beach
51810040404,Virginia Beach
51810040600,Virginia Beach
51810040801,Virginia Beach
51810040802,Virginia Beach
51810041002,Virginia Beach
51810041003,Virginia Beach
51810041004,Virginia Beach
51810041200,Virginia Beach
51810041400,Virginia Beach
51810041600,Virginia Beach
51810041801,Virginia Beach
51810041802,Virginia Beach
51810042000,Virginia Beach
51810042201,Virginia Beach
51810042202,Virginia Beach
51810042400,Virginia Beach
51810042600,Virginia Beach
51810042801,Virginia Beach
51810042802,Virginia Beach
51810043002,Virginia Beach
51810043003,Virginia Beach
51810043004,Virginia Beach
51810043200,Virginia Beach
51810043400,Virginia Beach
51810043600,Virginia Beach
51810043800,Virginia Beach
51810044001,Virginia Beach
51810044003,Virginia Beach
51810044004,Virginia Beach
51810044200,Virginia Beach
51810044401,Virginia Beach
51810044402,Virginia Beach
51810044600,Virginia Beach
51810044805,Virginia Beach
51810044806,Virginia Beach
51810044807,Virginia Beach
51810044808,Virginia Beach
51810045000,Virginia Beach
51810045200,Virginia Beach
51810045405,Virginia Beach
51810045406,Virginia Beach
51810045407,Virginia Beach
51810045408,Virginia Beach
51810045412,Virginia Beach
51810045414,Virginia Beach
51810045415,Virginia Beach
51810045417,Virginia Beach
51810045420,Virginia Beach
51810045421,Virginia Beach
51810045422,Virginia Beach
51810045423,Virginia Beach
51810045424,Virginia Beach
51810045425,Virginia Beach
51810045426,Virginia Beach
51810045427,Virginia Beach
51810045428,Virginia Beach
51810045601,Virginia Beach
51810045603,Virginia Beach
51810045604,Virginia Beach
51810045801,Virginia Beach
51810045803,Virginia Beach
51810045805,Virginia Beach
51810045806,Virginia Beach
51810045807,Virginia Beach
51810045808,Virginia Beach
51810045809,Virginia Beach
51810045810,Virginia Beach
51810046002,Virginia Beach
51810046005,Virginia Beach
51810046006,Virginia Beach
51810046009,Virginia Beach
51810046010,Virginia Beach
51810046011,Virginia Beach
51810046012,Virginia Beach
51810046013,Virginia Beach
51810046014,Virginia Beach
51810046015,Virginia Beach
51810046016,Virginia Beach
51810046204,Virginia Beach
51810046206,Virginia Beach
51810046207,Virginia Beach
51810046211,Virginia Beach
51810046212,Virginia Beach
51810046213,Virginia Beach
51810046214,Virginia Beach
51810046216,Virginia Beach
51810046217,Virginia Beach
51810046219,Virginia Beach
51810046220,Virginia Beach
51810046221,Virginia Beach
51810046222,Virginia Beach
51810046223,Virginia Beach
51810046224,Virginia Beach
51810046225,Virginia Beach
51810046400,Virginia Beach
51820003100,Waynesboro
51820003200,Waynesboro
51820003300,Waynesboro
51820003400,Waynesboro
51820003500,Waynesboro
51830370100,Williamsburg
51830370200,Williamsburg
51830370300,Williamsburg
51840000100,Winchester
51840000201,Winchester
51840000202,Winchester
51840000301,Winchester
51840000302,Winchester
